user_id,work_id,episode_id,time,valid,page_id,pointdownx,pointdowny,pointupx,pointupy,image_height,image_width,page_path,ambiguous,wb_num,tb_id,,is Left Page,width_page,top x,top y,width,height,,
Procd,EJ01,1,2.02E+16,valid,1,977,230,1079,328,2048,2732,..\..\..\..\..\..\..\comics\data\EJComics_ready\EJComics_ready\images\EJ01\eng\001\00001.png,amb_false,3,0,,1,1366,0.71522694,0.112304688,0.074670571,0.047851563,,1.499267936
Procd,EJ01,1,2.02E+16,valid,1,149,200,392,418,2048,2732,..\..\..\..\..\..\..\comics\data\EJComics_ready\EJComics_ready\images\EJ01\eng\001\00001.png,amb_false,16,1,,1,,0.109077599,0.09765625,0.177891654,0.106445313,,
Procd,EJ01,1,2.02E+16,valid,1,1015,550,1186,759,2048,2732,..\..\..\..\..\..\..\comics\data\EJComics_ready\EJComics_ready\images\EJ01\eng\001\00001.png,amb_false,9,2,,1,,0.743045388,0.268554688,0.125183016,0.102050781,,
Procd,EJ01,1,2.02E+16,valid,1,454,584,562,634,2048,2732,..\..\..\..\..\..\..\comics\data\EJComics_ready\EJComics_ready\images\EJ01\eng\001\00001.png,amb_false,1,3,,1,,0.332357247,0.28515625,0.079062958,0.024414063,,
Procd,EJ01,1,2.02E+16,valid,1,175,606,337,729,2048,2732,..\..\..\..\..\..\..\comics\data\EJComics_ready\EJComics_ready\images\EJ01\eng\001\00001.png,amb_false,6,4,,1,,0.128111274,0.295898438,0.118594436,0.060058594,,
Procd,EJ01,1,2.02E+16,valid,1,1092,956,1190,1088,2048,2732,..\..\..\..\..\..\..\comics\data\EJComics_ready\EJComics_ready\images\EJ01\eng\001\00001.png,amb_false,4,5,,1,,0.799414348,0.466796875,0.071742313,0.064453125,,
Procd,EJ01,1,2.02E+16,valid,1,110,909,256,1323,2048,2732,..\..\..\..\..\..\..\comics\data\EJComics_ready\EJComics_ready\images\EJ01\eng\001\00001.png,amb_false,14,6,,1,,0.080527086,0.443847656,0.106881406,0.202148438,,
Procd,EJ01,1,2.02E+16,valid,1,1118,1669,1195,1788,2048,2732,..\..\..\..\..\..\..\comics\data\EJComics_ready\EJComics_ready\images\EJ01\eng\001\00001.png,amb_false,4,7,,1,,0.818448023,0.814941406,0.05636896,0.058105469,,
Procd,EJ01,1,2.02E+16,valid,1,994,1643,1079,1741,2048,2732,..\..\..\..\..\..\..\comics\data\EJComics_ready\EJComics_ready\images\EJ01\eng\001\00001.png,amb_false,4,8,,1,,0.727672035,0.802246094,0.062225476,0.047851563,,
Procd,EJ01,1,2.02E+16,valid,1,725,1669,811,1741,2048,2732,..\..\..\..\..\..\..\comics\data\EJComics_ready\EJComics_ready\images\EJ01\eng\001\00001.png,amb_false,4,9,,1,,0.530746706,0.814941406,0.06295754,0.03515625,,
Procd,EJ01,1,2.02E+16,valid,1,529,1745,670,1861,2048,2732,..\..\..\..\..\..\..\comics\data\EJComics_ready\EJComics_ready\images\EJ01\eng\001\00001.png,amb_false,3,10,,1,,0.387262079,0.852050781,0.103221083,0.056640625,,
Procd,EJ01,1,2.02E+16,valid,1,411,1689,494,1734,2048,2732,..\..\..\..\..\..\..\comics\data\EJComics_ready\EJComics_ready\images\EJ01\eng\001\00001.png,amb_false,1,11,,1,,0.300878477,0.824707031,0.060761347,,,
Procd,EJ01,1,2.02E+16,valid,2,358,315,828,367,2048,2732,..\..\..\..\..\..\..\comics\data\EJComics_ready\EJComics_ready\images\EJ01\eng\001\00002.png,amb_false,4,0,,1,,0.262079063,0.153808594,0.344070278,,,
Procd,EJ01,1,2.02E+16,valid,3,1024,290,1165,350,2048,2732,..\..\..\..\..\..\..\comics\data\EJComics_ready\EJComics_ready\images\EJ01\eng\001\00003.png,amb_false,2,0,,1,,0.749633968,0.141601563,0.103221083,,,
Procd,EJ01,1,2.02E+16,valid,3,162,230,336,352,2048,2732,..\..\..\..\..\..\..\comics\data\EJComics_ready\EJComics_ready\images\EJ01\eng\001\00003.png,amb_false,5,1,,1,,0.118594436,0.112304688,0.127379209,,,
Procd,EJ01,1,2.02E+16,valid,3,903,806,1016,867,2048,2732,..\..\..\..\..\..\..\comics\data\EJComics_ready\EJComics_ready\images\EJ01\eng\001\00003.png,amb_false,2,2,,1,,0.661054173,0.393554688,0.08272328,,,
Procd,EJ01,1,2.02E+16,valid,3,324,832,503,922,2048,2732,..\..\..\..\..\..\..\comics\data\EJComics_ready\EJComics_ready\images\EJ01\eng\001\00003.png,amb_false,3,3,,1,,0.237188873,0.40625,0.131039531,,,
Procd,EJ01,1,2.02E+16,valid,3,1020,1609,1199,1801,2048,2732,..\..\..\..\..\..\..\comics\data\EJComics_ready\EJComics_ready\images\EJ01\eng\001\00003.png,amb_false,5,4,,1,,0.74670571,0.785644531,0.131039531,,,
Procd,EJ01,1,2.02E+16,valid,3,2057,1788,2638,1903,2048,2732,..\..\..\..\..\..\..\comics\data\EJComics_ready\EJComics_ready\images\EJ01\eng\001\00003.png,amb_false,1,5,,0,,1.505856515,0.873046875,0.425329429,,,
Procd,EJ01,1,2.02E+16,valid,3,738,1344,858,1417,2048,2732,..\..\..\..\..\..\..\comics\data\EJComics_ready\EJComics_ready\images\EJ01\eng\001\00003.png,amb_false,2,6,,1,,0.540263543,0.65625,0.087847731,,,
Procd,EJ01,1,2.02E+16,valid,3,495,1895,811,1955,2048,2732,..\..\..\..\..\..\..\comics\data\EJComics_ready\EJComics_ready\images\EJ01\eng\001\00003.png,amb_false,2,7,,1,,0.362371889,0.925292969,0.231332357,,,
Procd,EJ01,1,2.02E+16,valid,4,2458,294,2595,507,2048,2732,..\..\..\..\..\..\..\comics\data\EJComics_ready\EJComics_ready\images\EJ01\eng\001\00004.png,amb_false,11,0,,0,,,0.143554688,0.100292826,,,
Procd,EJ01,1,2.02E+16,valid,4,2040,251,2147,401,2048,2732,..\..\..\..\..\..\..\comics\data\EJComics_ready\EJComics_ready\images\EJ01\eng\001\00004.png,amb_false,5,1,,0,,,0.122558594,0.078330893,,,
Procd,EJ01,1,2.02E+16,valid,4,1852,136,1946,273,2048,2732,..\..\..\..\..\..\..\comics\data\EJComics_ready\EJComics_ready\images\EJ01\eng\001\00004.png,amb_false,5,2,,0,,,,0.068814056,,,
Procd,EJ01,1,2.02E+16,valid,4,1652,162,1724,209,2048,2732,..\..\..\..\..\..\..\comics\data\EJComics_ready\EJComics_ready\images\EJ01\eng\001\00004.png,amb_false,2,3,,0,,,,0.052708638,,,
Procd,EJ01,1,2.02E+16,valid,4,1532,204,1647,264,2048,2732,..\..\..\..\..\..\..\comics\data\EJComics_ready\EJComics_ready\images\EJ01\eng\001\00004.png,amb_false,2,4,,0,,,,0.042093704,,,
Procd,EJ01,1,2.02E+16,valid,4,1528,401,1669,550,2048,2732,..\..\..\..\..\..\..\comics\data\EJComics_ready\EJComics_ready\images\EJ01\eng\001\00004.png,amb_false,4,5,,,,,,,,,
Procd,EJ01,1,2.02E+16,valid,4,2450,840,2591,960,2048,2732,..\..\..\..\..\..\..\comics\data\EJComics_ready\EJComics_ready\images\EJ01\eng\001\00004.png,amb_false,4,6,,,,,,,,,
Procd,EJ01,1,2.02E+16,valid,4,2483,1248,2590,1314,2048,2732,..\..\..\..\..\..\..\comics\data\EJComics_ready\EJComics_ready\images\EJ01\eng\001\00004.png,amb_false,1,7,,,,,,,,,
Procd,EJ01,1,2.02E+16,valid,4,2552,1340,2655,1553,2048,2732,..\..\..\..\..\..\..\comics\data\EJComics_ready\EJComics_ready\images\EJ01\eng\001\00004.png,amb_false,10,8,,,,,,,,,
Procd,EJ01,1,2.02E+16,valid,4,2569,1605,2650,1737,2048,2732,..\..\..\..\..\..\..\comics\data\EJComics_ready\EJComics_ready\images\EJ01\eng\001\00004.png,amb_false,5,9,,,,,,,,,
Procd,EJ01,1,2.02E+16,valid,4,2339,1698,2475,1886,2048,2732,..\..\..\..\..\..\..\comics\data\EJComics_ready\EJComics_ready\images\EJ01\eng\001\00004.png,amb_false,10,10,,,,,,,,,
Procd,EJ01,1,2.02E+16,valid,4,2494,1808,2597,1870,2048,2732,..\..\..\..\..\..\..\comics\data\EJComics_ready\EJComics_ready\images\EJ01\eng\001\00004.png,amb_false,1,11,,,,,,,,,
Procd,EJ01,1,2.02E+16,valid,4,2117,1357,2292,1600,2048,2732,..\..\..\..\..\..\..\comics\data\EJComics_ready\EJComics_ready\images\EJ01\eng\001\00004.png,amb_false,11,12,,,,,,,,,
Procd,EJ01,1,2.02E+16,valid,4,1558,1331,1741,1600,2048,2732,..\..\..\..\..\..\..\comics\data\EJComics_ready\EJComics_ready\images\EJ01\eng\001\00004.png,amb_false,10,13,,,,,,,,,
Procd,EJ01,1,2.02E+16,valid,4,1541,1686,1660,1848,2048,2732,..\..\..\..\..\..\..\comics\data\EJComics_ready\EJComics_ready\images\EJ01\eng\001\00004.png,amb_false,8,14,,,,,,,,,
Procd,EJ01,1,2.02E+16,valid,4,1575,1912,1647,1938,2048,2732,..\..\..\..\..\..\..\comics\data\EJComics_ready\EJComics_ready\images\EJ01\eng\001\00004.png,amb_false,1,15,,,,,,,,,
Procd,EJ01,1,2.02E+16,valid,4,1109,153,1216,256,2048,2732,..\..\..\..\..\..\..\comics\data\EJComics_ready\EJComics_ready\images\EJ01\eng\001\00004.png,amb_false,7,16,,,,,,,,,
Procd,EJ01,1,2.02E+16,valid,4,951,128,1067,341,2048,2732,..\..\..\..\..\..\..\comics\data\EJComics_ready\EJComics_ready\images\EJ01\eng\001\00004.png,amb_false,10,17,,,,,,,,,
Procd,EJ01,1,2.02E+16,valid,4,729,153,832,260,2048,2732,..\..\..\..\..\..\..\comics\data\EJComics_ready\EJComics_ready\images\EJ01\eng\001\00004.png,amb_false,4,18,,,,,,,,,
Procd,EJ01,1,2.02E+16,valid,4,704,303,849,546,2048,2732,..\..\..\..\..\..\..\comics\data\EJComics_ready\EJComics_ready\images\EJ01\eng\001\00004.png,amb_false,11,19,,,,,,,,,
Procd,EJ01,1,2.02E+16,valid,4,98,153,260,358,2048,2732,..\..\..\..\..\..\..\comics\data\EJComics_ready\EJComics_ready\images\EJ01\eng\001\00004.png,amb_false,9,20,,,,,,,,,
Procd,EJ01,1,2.02E+16,valid,4,1041,704,1225,853,2048,2732,..\..\..\..\..\..\..\comics\data\EJComics_ready\EJComics_ready\images\EJ01\eng\001\00004.png,amb_false,9,21,,,,,,,,,
Procd,EJ01,1,2.02E+16,valid,4,879,700,1003,819,2048,2732,..\..\..\..\..\..\..\comics\data\EJComics_ready\EJComics_ready\images\EJ01\eng\001\00004.png,amb_false,5,22,,,,,,,,,
Procd,EJ01,1,2.02E+16,valid,4,469,700,653,879,2048,2732,..\..\..\..\..\..\..\comics\data\EJComics_ready\EJComics_ready\images\EJ01\eng\001\00004.png,amb_false,12,23,,,,,,,,,
Procd,EJ01,1,2.02E+16,valid,4,776,1003,862,1033,2048,2732,..\..\..\..\..\..\..\comics\data\EJComics_ready\EJComics_ready\images\EJ01\eng\001\00004.png,amb_false,1,24,,,,,,,,,
Procd,EJ01,1,2.02E+16,valid,4,674,1284,798,1361,2048,2732,..\..\..\..\..\..\..\comics\data\EJComics_ready\EJComics_ready\images\EJ01\eng\001\00004.png,amb_false,2,25,,,,,,,,,
Procd,EJ01,1,2.02E+16,valid,4,431,1015,559,1165,2048,2732,..\..\..\..\..\..\..\comics\data\EJComics_ready\EJComics_ready\images\EJ01\eng\001\00004.png,amb_false,6,26,,,,,,,,,
Procd,EJ01,1,2.02E+16,valid,4,286,721,307,828,2048,2732,..\..\..\..\..\..\..\comics\data\EJComics_ready\EJComics_ready\images\EJ01\eng\001\00004.png,amb_false,2,27,,,,,,,,,
Procd,EJ01,1,2.02E+16,valid,4,284,1255,381,1391,2048,2732,..\..\..\..\..\..\..\comics\data\EJComics_ready\EJComics_ready\images\EJ01\eng\001\00004.png,amb_false,5,28,,,,,,,,,
Procd,EJ01,1,2.02E+16,valid,4,157,1267,281,1506,2048,2732,..\..\..\..\..\..\..\comics\data\EJComics_ready\EJComics_ready\images\EJ01\eng\001\00004.png,amb_false,13,29,,,,,,,,,
Procd,EJ01,1,2.02E+16,valid,4,51,1336,149,1442,2048,2732,..\..\..\..\..\..\..\comics\data\EJComics_ready\EJComics_ready\images\EJ01\eng\001\00004.png,amb_false,5,30,,,,,,,,,
Procd,EJ01,1,2.02E+16,valid,4,1079,1664,1190,1814,2048,2732,..\..\..\..\..\..\..\comics\data\EJComics_ready\EJComics_ready\images\EJ01\eng\001\00004.png,amb_false,5,31,,,,,,,,,
Procd,EJ01,1,2.02E+16,valid,4,781,1677,862,1750,2048,2732,..\..\..\..\..\..\..\comics\data\EJComics_ready\EJComics_ready\images\EJ01\eng\001\00004.png,amb_false,3,32,,,,,,,,,
Procd,EJ01,1,2.02E+16,valid,4,657,1677,738,1792,2048,2732,..\..\..\..\..\..\..\comics\data\EJComics_ready\EJComics_ready\images\EJ01\eng\001\00004.png,amb_false,5,33,,,,,,,,,
Procd,EJ01,1,2.02E+16,valid,4,469,1681,627,1895,2048,2732,..\..\..\..\..\..\..\comics\data\EJComics_ready\EJComics_ready\images\EJ01\eng\001\00004.png,amb_false,9,34,,,,,,,,,
Procd,EJ01,1,2.02E+16,valid,4,132,1634,234,1788,2048,2732,..\..\..\..\..\..\..\comics\data\EJComics_ready\EJComics_ready\images\EJ01\eng\001\00004.png,amb_false,6,35,,,,,,,,,
Procd,EJ01,1,2.02E+16,valid,4,123,1839,170,1852,2048,2732,..\..\..\..\..\..\..\comics\data\EJComics_ready\EJComics_ready\images\EJ01\eng\001\00004.png,amb_false,1,36,,,,,,,,,
Procd,EJ01,1,2.02E+16,valid,5,524,1041,618,1089,2048,2732,..\..\..\..\..\..\..\comics\data\EJComics_ready\EJComics_ready\images\EJ01\eng\001\00005.png,amb_false,1,0,,,,,,,,,
Procd,EJ01,1,2.02E+16,valid,5,2621,136,2650,277,2048,2732,..\..\..\..\..\..\..\comics\data\EJComics_ready\EJComics_ready\images\EJ01\eng\001\00005.png,amb_false,1,1,,,,,,,,,
Procd,EJ01,1,2.02E+16,valid,5,2253,525,2339,559,2048,2732,..\..\..\..\..\..\..\comics\data\EJComics_ready\EJComics_ready\images\EJ01\eng\001\00005.png,amb_false,1,2,,,,,,,,,
Procd,EJ01,1,2.02E+16,valid,5,2028,550,2142,612,2048,2732,..\..\..\..\..\..\..\comics\data\EJComics_ready\EJComics_ready\images\EJ01\eng\001\00005.png,amb_false,4,3,,,,,,,,,
Procd,EJ01,1,2.02E+16,valid,5,1823,236,1920,286,2048,2732,..\..\..\..\..\..\..\comics\data\EJComics_ready\EJComics_ready\images\EJ01\eng\001\00005.png,amb_false,1,4,,,,,,,,,
Procd,EJ01,1,2.02E+16,valid,5,1917,1544,2013,1605,2048,2732,..\..\..\..\..\..\..\comics\data\EJComics_ready\EJComics_ready\images\EJ01\eng\001\00005.png,amb_false,1,5,,,,,,,,,
Procd,EJ01,1,2.02E+16,valid,5,2070,1707,2108,1929,2048,2732,..\..\..\..\..\..\..\comics\data\EJComics_ready\EJComics_ready\images\EJ01\eng\001\00005.png,amb_false,1,6,,,,,,,,,
Procd,EJ01,1,2.02E+16,valid,5,1848,1762,1989,1852,2048,2732,..\..\..\..\..\..\..\comics\data\EJComics_ready\EJComics_ready\images\EJ01\eng\001\00005.png,amb_false,4,7,,,,,,,,,
Procd,EJ01,1,2.02E+16,valid,5,1661,1777,1791,1824,2048,2732,..\..\..\..\..\..\..\comics\data\EJComics_ready\EJComics_ready\images\EJ01\eng\001\00005.png,amb_false,1,8,,,,,,,,,
Procd,EJ01,1,2.02E+16,valid,5,1511,1750,1647,1869,2048,2732,..\..\..\..\..\..\..\comics\data\EJComics_ready\EJComics_ready\images\EJ01\eng\001\00005.png,amb_false,6,9,,,,,,,,,
Procd,EJ01,1,2.02E+16,valid,5,1105,239,1178,268,2048,2732,..\..\..\..\..\..\..\comics\data\EJComics_ready\EJComics_ready\images\EJ01\eng\001\00005.png,amb_false,1,10,,,,,,,,,
Procd,EJ01,1,2.02E+16,valid,5,717,217,845,414,2048,2732,..\..\..\..\..\..\..\comics\data\EJComics_ready\EJComics_ready\images\EJ01\eng\001\00005.png,amb_false,5,11,,,,,,,,,
Procd,EJ01,1,2.02E+16,valid,5,232,234,339,295,2048,2732,..\..\..\..\..\..\..\comics\data\EJComics_ready\EJComics_ready\images\EJ01\eng\001\00005.png,amb_false,1,12,,,,,,,,,
Procd,EJ01,1,2.02E+16,valid,5,136,392,273,452,2048,2732,..\..\..\..\..\..\..\comics\data\EJComics_ready\EJComics_ready\images\EJ01\eng\001\00005.png,amb_false,2,13,,,,,,,,,
Procd,EJ01,1,2.02E+16,valid,5,986,653,1173,896,2048,2732,..\..\..\..\..\..\..\comics\data\EJComics_ready\EJComics_ready\images\EJ01\eng\001\00005.png,amb_false,11,14,,,,,,,,,
Procd,EJ01,1,2.02E+16,valid,5,230,653,384,811,2048,2732,..\..\..\..\..\..\..\comics\data\EJComics_ready\EJComics_ready\images\EJ01\eng\001\00005.png,amb_false,7,15,,,,,,,,,
Procd,EJ01,1,2.02E+16,valid,5,192,897,251,1082,2048,2732,..\..\..\..\..\..\..\comics\data\EJComics_ready\EJComics_ready\images\EJ01\eng\001\00005.png,amb_false,1,16,,,,,,,,,
Procd,EJ01,1,2.02E+16,valid,5,350,917,367,1079,2048,2732,..\..\..\..\..\..\..\comics\data\EJComics_ready\EJComics_ready\images\EJ01\eng\001\00005.png,amb_false,3,17,,,,,,,,,
Procd,EJ01,1,2.02E+16,valid,5,1037,1229,1216,1447,2048,2732,..\..\..\..\..\..\..\comics\data\EJComics_ready\EJComics_ready\images\EJ01\eng\001\00005.png,amb_false,7,18,,,,,,,,,
Procd,EJ01,1,2.02E+16,valid,5,1137,1625,1229,1683,2048,2732,..\..\..\..\..\..\..\comics\data\EJComics_ready\EJComics_ready\images\EJ01\eng\001\00005.png,amb_false,1,19,,,,,,,,,
Procd,EJ01,1,2.02E+16,valid,5,828,1758,943,1891,2048,2732,..\..\..\..\..\..\..\comics\data\EJComics_ready\EJComics_ready\images\EJ01\eng\001\00005.png,amb_false,4,20,,,,,,,,,
Procd,EJ01,1,2.02E+16,valid,5,687,1190,802,1353,2048,2732,..\..\..\..\..\..\..\comics\data\EJComics_ready\EJComics_ready\images\EJ01\eng\001\00005.png,amb_false,8,21,,,,,,,,,
Procd,EJ01,1,2.02E+16,valid,5,448,1195,618,1430,2048,2732,..\..\..\..\..\..\..\comics\data\EJComics_ready\EJComics_ready\images\EJ01\eng\001\00005.png,amb_false,13,22,,,,,,,,,
Procd,EJ01,1,2.02E+16,valid,5,213,1199,350,1430,2048,2732,..\..\..\..\..\..\..\comics\data\EJComics_ready\EJComics_ready\images\EJ01\eng\001\00005.png,amb_false,10,23,,,,,,,,,
Procd,EJ01,1,2.02E+16,valid,5,64,1225,196,1425,2048,2732,..\..\..\..\..\..\..\comics\data\EJComics_ready\EJComics_ready\images\EJ01\eng\001\00005.png,amb_false,9,24,,,,,,,,,
Procd,EJ01,1,2.02E+16,valid,5,249,1692,388,1784,2048,2732,..\..\..\..\..\..\..\comics\data\EJComics_ready\EJComics_ready\images\EJ01\eng\001\00005.png,amb_false,1,25,,,,,,,,,
Procd,EJ01,1,2.02E+16,valid,6,2535,290,2642,358,2048,2732,..\..\..\..\..\..\..\comics\data\EJComics_ready\EJComics_ready\images\EJ01\eng\001\00006.png,amb_false,2,0,,,,,,,,,
Procd,EJ01,1,2.02E+16,valid,6,2616,986,2685,1015,2048,2732,..\..\..\..\..\..\..\comics\data\EJComics_ready\EJComics_ready\images\EJ01\eng\001\00006.png,amb_false,1,1,,,,,,,,,
Procd,EJ01,1,2.02E+16,valid,6,2510,1037,2603,1062,2048,2732,..\..\..\..\..\..\..\comics\data\EJComics_ready\EJComics_ready\images\EJ01\eng\001\00006.png,amb_false,1,2,,,,,,,,,
Procd,EJ01,1,2.02E+16,valid,6,2206,1152,2330,1242,2048,2732,..\..\..\..\..\..\..\comics\data\EJComics_ready\EJComics_ready\images\EJ01\eng\001\00006.png,amb_false,4,3,,,,,,,,,
Procd,EJ01,1,2.02E+16,valid,6,2514,1455,2676,1600,2048,2732,..\..\..\..\..\..\..\comics\data\EJComics_ready\EJComics_ready\images\EJ01\eng\001\00006.png,amb_false,4,4,,,,,,,,,
Procd,EJ01,1,2.02E+16,valid,6,2155,1506,2369,1656,2048,2732,..\..\..\..\..\..\..\comics\data\EJComics_ready\EJComics_ready\images\EJ01\eng\001\00006.png,amb_false,5,5,,,,,,,,,
Procd,EJ01,1,2.02E+16,valid,6,1544,1690,1687,1972,2048,2732,..\..\..\..\..\..\..\comics\data\EJComics_ready\EJComics_ready\images\EJ01\eng\001\00006.png,amb_false,7,6,,,,,,,,,
Procd,EJ01,1,2.02E+16,valid,6,712,217,853,371,2048,2732,..\..\..\..\..\..\..\comics\data\EJComics_ready\EJComics_ready\images\EJ01\eng\001\00006.png,amb_false,7,7,,,,,,,,,
Procd,EJ01,1,2.02E+16,valid,6,38,268,136,324,2048,2732,..\..\..\..\..\..\..\comics\data\EJComics_ready\EJComics_ready\images\EJ01\eng\001\00006.png,amb_false,2,8,,,,,,,,,
Procd,EJ01,1,2.02E+16,valid,6,1101,687,1225,977,2048,2732,..\..\..\..\..\..\..\comics\data\EJComics_ready\EJComics_ready\images\EJ01\eng\001\00006.png,amb_false,9,9,,,,,,,,,
Procd,EJ01,1,2.02E+16,valid,6,576,806,700,1015,2048,2732,..\..\..\..\..\..\..\comics\data\EJComics_ready\EJComics_ready\images\EJ01\eng\001\00006.png,amb_false,8,10,,,,,,,,,
Procd,EJ01,1,2.02E+16,valid,6,447,814,528,926,2048,2732,..\..\..\..\..\..\..\comics\data\EJComics_ready\EJComics_ready\images\EJ01\eng\001\00006.png,amb_false,3,11,,,,,,,,,
Procd,EJ01,1,2.02E+16,valid,6,51,747,179,930,2048,2732,..\..\..\..\..\..\..\comics\data\EJComics_ready\EJComics_ready\images\EJ01\eng\001\00006.png,amb_false,5,12,,,,,,,,,
Procd,EJ01,1,2.02E+16,valid,6,1004,1240,1070,1282,2048,2732,..\..\..\..\..\..\..\comics\data\EJComics_ready\EJComics_ready\images\EJ01\eng\001\00006.png,amb_false,1,13,,,,,,,,,
Procd,EJ01,1,2.02E+16,valid,6,700,1144,858,1434,2048,2732,..\..\..\..\..\..\..\comics\data\EJComics_ready\EJComics_ready\images\EJ01\eng\001\00006.png,amb_false,10,14,,,,,,,,,
Procd,EJ01,1,2.02E+16,valid,6,678,1549,870,1694,2048,2732,..\..\..\..\..\..\..\comics\data\EJComics_ready\EJComics_ready\images\EJ01\eng\001\00006.png,amb_false,5,15,,,,,,,,,
Procd,EJ01,1,2.02E+16,valid,6,512,1169,610,1216,2048,2732,..\..\..\..\..\..\..\comics\data\EJComics_ready\EJComics_ready\images\EJ01\eng\001\00006.png,amb_false,2,16,,,,,,,,,
Procd,EJ01,1,2.02E+16,valid,6,409,1169,486,1331,2048,2732,..\..\..\..\..\..\..\comics\data\EJComics_ready\EJComics_ready\images\EJ01\eng\001\00006.png,amb_false,7,17,,,,,,,,,
Procd,EJ01,1,2.02E+16,valid,6,275,1188,357,1223,2048,2732,..\..\..\..\..\..\..\comics\data\EJComics_ready\EJComics_ready\images\EJ01\eng\001\00006.png,amb_false,1,18,,,,,,,,,
Procd,EJ01,1,2.02E+16,valid,6,72,1126,204,1293,2048,2732,..\..\..\..\..\..\..\comics\data\EJComics_ready\EJComics_ready\images\EJ01\eng\001\00006.png,amb_false,7,19,,,,,,,,,
Procd,EJ01,1,2.02E+16,valid,6,469,1681,546,1758,2048,2732,..\..\..\..\..\..\..\comics\data\EJComics_ready\EJComics_ready\images\EJ01\eng\001\00006.png,amb_false,3,20,,,,,,,,,
Procd,EJ01,1,2.02E+16,valid,6,81,1737,209,1839,2048,2732,..\..\..\..\..\..\..\comics\data\EJComics_ready\EJComics_ready\images\EJ01\eng\001\00006.png,amb_false,6,21,,,,,,,,,
Procd,EJ01,1,2.02E+16,valid,7,2394,947,2458,994,2048,2732,..\..\..\..\..\..\..\comics\data\EJComics_ready\EJComics_ready\images\EJ01\eng\001\00007.png,amb_false,2,0,,,,,,,,,
Procd,EJ01,1,2.02E+16,valid,7,2535,260,2591,307,2048,2732,..\..\..\..\..\..\..\comics\data\EJComics_ready\EJComics_ready\images\EJ01\eng\001\00007.png,amb_false,2,1,,,,,,,,,
Procd,EJ01,1,2.02E+16,valid,7,2430,441,2504,481,2048,2732,..\..\..\..\..\..\..\comics\data\EJComics_ready\EJComics_ready\images\EJ01\eng\001\00007.png,amb_false,1,2,,,,,,,,,
Procd,EJ01,1,2.02E+16,valid,7,2275,153,2352,213,2048,2732,..\..\..\..\..\..\..\comics\data\EJComics_ready\EJComics_ready\images\EJ01\eng\001\00007.png,amb_false,2,3,,,,,,,,,
Procd,EJ01,1,2.02E+16,valid,7,2181,230,2275,290,2048,2732,..\..\..\..\..\..\..\comics\data\EJComics_ready\EJComics_ready\images\EJ01\eng\001\00007.png,amb_false,2,4,,,,,,,,,
Procd,EJ01,1,2.02E+16,valid,7,2014,341,2142,405,2048,2732,..\..\..\..\..\..\..\comics\data\EJComics_ready\EJComics_ready\images\EJ01\eng\001\00007.png,amb_false,1,5,,,,,,,,,
Procd,EJ01,1,2.02E+16,valid,7,1943,198,2026,239,2048,2732,..\..\..\..\..\..\..\comics\data\EJComics_ready\EJComics_ready\images\EJ01\eng\001\00007.png,amb_false,1,6,,,,,,,,,
Procd,EJ01,1,2.02E+16,valid,7,1532,196,1634,226,2048,2732,..\..\..\..\..\..\..\comics\data\EJComics_ready\EJComics_ready\images\EJ01\eng\001\00007.png,amb_false,1,7,,,,,,,,,
Procd,EJ01,1,2.02E+16,valid,7,2565,657,2667,840,2048,2732,..\..\..\..\..\..\..\comics\data\EJComics_ready\EJComics_ready\images\EJ01\eng\001\00007.png,amb_false,9,8,,,,,,,,,
Procd,EJ01,1,2.02E+16,valid,7,2437,665,2527,875,2048,2732,..\..\..\..\..\..\..\comics\data\EJComics_ready\EJComics_ready\images\EJ01\eng\001\00007.png,amb_false,9,9,,,,,,,,,
Procd,EJ01,1,2.02E+16,valid,7,2477,957,2561,1025,2048,2732,..\..\..\..\..\..\..\comics\data\EJComics_ready\EJComics_ready\images\EJ01\eng\001\00007.png,amb_false,1,10,,,,,,,,,
Procd,EJ01,1,2.02E+16,valid,7,2527,1075,2591,1113,2048,2732,..\..\..\..\..\..\..\comics\data\EJComics_ready\EJComics_ready\images\EJ01\eng\001\00007.png,amb_false,1,11,,,,,,,,,
Procd,EJ01,1,2.02E+16,valid,7,2172,661,2309,947,2048,2732,..\..\..\..\..\..\..\comics\data\EJComics_ready\EJComics_ready\images\EJ01\eng\001\00007.png,amb_false,12,12,,,,,,,,,
Procd,EJ01,1,2.02E+16,valid,7,1980,768,2121,998,2048,2732,..\..\..\..\..\..\..\comics\data\EJComics_ready\EJComics_ready\images\EJ01\eng\001\00007.png,amb_false,10,13,,,,,,,,,
Procd,EJ01,1,2.02E+16,valid,7,1801,704,1873,823,2048,2732,..\..\..\..\..\..\..\comics\data\EJComics_ready\EJComics_ready\images\EJ01\eng\001\00007.png,amb_false,3,14,,,,,,,,,
Procd,EJ01,1,2.02E+16,valid,7,1865,896,1938,964,2048,2732,..\..\..\..\..\..\..\comics\data\EJComics_ready\EJComics_ready\images\EJ01\eng\001\00007.png,amb_false,2,15,,,,,,,,,
Procd,EJ01,1,2.02E+16,valid,7,2049,1592,2270,1788,2048,2732,..\..\..\..\..\..\..\comics\data\EJComics_ready\EJComics_ready\images\EJ01\eng\001\00007.png,amb_false,3,16,,,,,,,,,
Procd,EJ01,1,2.02E+16,valid,7,1771,1464,1877,1515,2048,2732,..\..\..\..\..\..\..\comics\data\EJComics_ready\EJComics_ready\images\EJ01\eng\001\00007.png,amb_false,1,17,,,,,,,,,
Procd,EJ01,1,2.02E+16,valid,7,1549,1476,1673,1553,2048,2732,..\..\..\..\..\..\..\comics\data\EJComics_ready\EJComics_ready\images\EJ01\eng\001\00007.png,amb_false,4,18,,,,,,,,,
Procd,EJ01,1,2.02E+16,valid,7,1071,145,1186,320,2048,2732,..\..\..\..\..\..\..\comics\data\EJComics_ready\EJComics_ready\images\EJ01\eng\001\00007.png,amb_false,10,19,,,,,,,,,
Procd,EJ01,1,2.02E+16,valid,7,951,204,1045,294,2048,2732,..\..\..\..\..\..\..\comics\data\EJComics_ready\EJComics_ready\images\EJ01\eng\001\00007.png,amb_false,4,20,,,,,,,,,
Procd,EJ01,1,2.02E+16,valid,7,1105,371,1148,409,2048,2732,..\..\..\..\..\..\..\comics\data\EJComics_ready\EJComics_ready\images\EJ01\eng\001\00007.png,amb_false,1,21,,,,,,,,,
Procd,EJ01,1,2.02E+16,valid,7,439,149,657,264,2048,2732,..\..\..\..\..\..\..\comics\data\EJComics_ready\EJComics_ready\images\EJ01\eng\001\00007.png,amb_false,13,22,,,,,,,,,
Procd,EJ01,1,2.02E+16,valid,7,268,149,426,264,2048,2732,..\..\..\..\..\..\..\comics\data\EJComics_ready\EJComics_ready\images\EJ01\eng\001\00007.png,amb_false,9,23,,,,,,,,,
Procd,EJ01,1,2.02E+16,valid,7,89,166,221,247,2048,2732,..\..\..\..\..\..\..\comics\data\EJComics_ready\EJComics_ready\images\EJ01\eng\001\00007.png,amb_false,5,24,,,,,,,,,
Procd,EJ01,1,2.02E+16,valid,7,998,738,1195,1105,2048,2732,..\..\..\..\..\..\..\comics\data\EJComics_ready\EJComics_ready\images\EJ01\eng\001\00007.png,amb_false,16,25,,,,,,,,,
Procd,EJ01,1,2.02E+16,valid,7,71,793,244,1071,2048,2732,..\..\..\..\..\..\..\comics\data\EJComics_ready\EJComics_ready\images\EJ01\eng\001\00007.png,amb_false,9,26,,,,,,,,,
Procd,EJ01,1,2.02E+16,valid,7,1097,1421,1199,1511,2048,2732,..\..\..\..\..\..\..\comics\data\EJComics_ready\EJComics_ready\images\EJ01\eng\001\00007.png,amb_false,3,27,,,,,,,,,
Procd,EJ01,1,2.02E+16,valid,7,1075,1592,1118,1634,2048,2732,..\..\..\..\..\..\..\comics\data\EJComics_ready\EJComics_ready\images\EJ01\eng\001\00007.png,amb_false,1,28,,,,,,,,,
Procd,EJ01,1,2.02E+16,valid,7,401,1566,443,1720,2048,2732,..\..\..\..\..\..\..\comics\data\EJComics_ready\EJComics_ready\images\EJ01\eng\001\00007.png,amb_false,1,29,,,,,,,,,
Procd,EJ01,1,2.02E+16,valid,7,239,1502,268,1549,2048,2732,..\..\..\..\..\..\..\comics\data\EJComics_ready\EJComics_ready\images\EJ01\eng\001\00007.png,amb_false,1,30,,,,,,,,,
Procd,EJ01,1,2.02E+16,valid,8,975,229,1067,342,2048,2732,..\..\..\..\..\..\..\comics\data\EJComics_ready\EJComics_ready\images\EJ01\eng\001\00008.png,amb_false,3,0,,,,,,,,,
Procd,EJ01,1,2.02E+16,valid,8,2309,153,2407,247,2048,2732,..\..\..\..\..\..\..\comics\data\EJComics_ready\EJComics_ready\images\EJ01\eng\001\00008.png,amb_false,3,1,,,,,,,,,
Procd,EJ01,1,2.02E+16,valid,8,2063,199,2145,273,2048,2732,..\..\..\..\..\..\..\comics\data\EJComics_ready\EJComics_ready\images\EJ01\eng\001\00008.png,amb_false,2,2,,,,,,,,,
Procd,EJ01,1,2.02E+16,valid,8,1532,157,1724,260,2048,2732,..\..\..\..\..\..\..\comics\data\EJComics_ready\EJComics_ready\images\EJ01\eng\001\00008.png,amb_false,3,3,,,,,,,,,
Procd,EJ01,1,2.02E+16,valid,8,2181,589,2322,849,2048,2732,..\..\..\..\..\..\..\comics\data\EJComics_ready\EJComics_ready\images\EJ01\eng\001\00008.png,amb_false,5,4,,,,,,,,,
Procd,EJ01,1,2.02E+16,valid,8,2539,1144,2702,1250,2048,2732,..\..\..\..\..\..\..\comics\data\EJComics_ready\EJComics_ready\images\EJ01\eng\001\00008.png,amb_false,3,5,,,,,,,,,
Procd,EJ01,1,2.02E+16,valid,8,2224,1144,2313,1186,2048,2732,..\..\..\..\..\..\..\comics\data\EJComics_ready\EJComics_ready\images\EJ01\eng\001\00008.png,amb_false,1,6,,,,,,,,,
Procd,EJ01,1,2.02E+16,valid,8,1950,1144,2142,1212,2048,2732,..\..\..\..\..\..\..\comics\data\EJComics_ready\EJComics_ready\images\EJ01\eng\001\00008.png,amb_false,2,7,,,,,,,,,
Procd,EJ01,1,2.02E+16,valid,8,1758,1097,1856,1237,2048,2732,..\..\..\..\..\..\..\comics\data\EJComics_ready\EJComics_ready\images\EJ01\eng\001\00008.png,amb_false,5,8,,,,,,,,,
Procd,EJ01,1,2.02E+16,valid,8,1566,1306,1762,1451,2048,2732,..\..\..\..\..\..\..\comics\data\EJComics_ready\EJComics_ready\images\EJ01\eng\001\00008.png,amb_false,9,9,,,,,,,,,
Procd,EJ01,1,2.02E+16,valid,8,1809,1589,1891,1707,2048,2732,..\..\..\..\..\..\..\comics\data\EJComics_ready\EJComics_ready\images\EJ01\eng\001\00008.png,amb_false,4,10,,,,,,,,,
Procd,EJ01,1,2.02E+16,valid,8,1092,226,1216,439,2048,2732,..\..\..\..\..\..\..\comics\data\EJComics_ready\EJComics_ready\images\EJ01\eng\001\00008.png,amb_false,8,11,,,,,,,,,
Procd,EJ01,1,2.02E+16,valid,8,768,243,892,426,2048,2732,..\..\..\..\..\..\..\comics\data\EJComics_ready\EJComics_ready\images\EJ01\eng\001\00008.png,amb_false,8,12,,,,,,,,,
Procd,EJ01,1,2.02E+16,valid,8,644,277,729,358,2048,2732,..\..\..\..\..\..\..\comics\data\EJComics_ready\EJComics_ready\images\EJ01\eng\001\00008.png,amb_false,5,13,,,,,,,,,
Procd,EJ01,1,2.02E+16,valid,8,518,192,639,240,2048,2732,..\..\..\..\..\..\..\comics\data\EJComics_ready\EJComics_ready\images\EJ01\eng\001\00008.png,amb_false,1,14,,,,,,,,,
Procd,EJ01,1,2.02E+16,valid,8,350,162,465,379,2048,2732,..\..\..\..\..\..\..\comics\data\EJComics_ready\EJComics_ready\images\EJ01\eng\001\00008.png,amb_false,10,15,,,,,,,,,
Procd,EJ01,1,2.02E+16,valid,8,247,162,290,396,2048,2732,..\..\..\..\..\..\..\comics\data\EJComics_ready\EJComics_ready\images\EJ01\eng\001\00008.png,amb_false,1,16,,,,,,,,,
Procd,EJ01,1,2.02E+16,valid,8,1161,789,1216,836,2048,2732,..\..\..\..\..\..\..\comics\data\EJComics_ready\EJComics_ready\images\EJ01\eng\001\00008.png,amb_false,2,17,,,,,,,,,
Procd,EJ01,1,2.02E+16,valid,8,973,802,1148,1041,2048,2732,..\..\..\..\..\..\..\comics\data\EJComics_ready\EJComics_ready\images\EJ01\eng\001\00008.png,amb_false,8,18,,,,,,,,,
Procd,EJ01,1,2.02E+16,valid,8,1001,1812,1101,1888,2048,2732,..\..\..\..\..\..\..\comics\data\EJComics_ready\EJComics_ready\images\EJ01\eng\001\00008.png,amb_false,1,19,,,,,,,,,
Procd,EJ01,1,2.02E+16,valid,8,785,1267,939,1442,2048,2732,..\..\..\..\..\..\..\comics\data\EJComics_ready\EJComics_ready\images\EJ01\eng\001\00008.png,amb_false,6,20,,,,,,,,,
Procd,EJ01,1,2.02E+16,valid,8,747,1541,947,1827,2048,2732,..\..\..\..\..\..\..\comics\data\EJComics_ready\EJComics_ready\images\EJ01\eng\001\00008.png,amb_false,12,21,,,,,,,,,
Procd,EJ01,1,2.02E+16,valid,8,192,1366,320,1545,2048,2732,..\..\..\..\..\..\..\comics\data\EJComics_ready\EJComics_ready\images\EJ01\eng\001\00008.png,amb_false,6,22,,,,,,,,,
Procd,EJ01,1,2.02E+16,valid,9,2300,264,2492,320,2048,2732,..\..\..\..\..\..\..\comics\data\EJComics_ready\EJComics_ready\images\EJ01\eng\001\00009.png,amb_false,3,0,,,,,,,,,
Procd,EJ01,1,2.02E+16,valid,9,2108,183,2253,358,2048,2732,..\..\..\..\..\..\..\comics\data\EJComics_ready\EJComics_ready\images\EJ01\eng\001\00009.png,amb_false,12,1,,,,,,,,,
Procd,EJ01,1,2.02E+16,valid,9,1852,183,1912,213,2048,2732,..\..\..\..\..\..\..\comics\data\EJComics_ready\EJComics_ready\images\EJ01\eng\001\00009.png,amb_false,1,2,,,,,,,,,
Procd,EJ01,1,2.02E+16,valid,9,1669,183,1745,221,2048,2732,..\..\..\..\..\..\..\comics\data\EJComics_ready\EJComics_ready\images\EJ01\eng\001\00009.png,amb_false,2,3,,,,,,,,,
Procd,EJ01,1,2.02E+16,valid,9,1579,179,1647,217,2048,2732,..\..\..\..\..\..\..\comics\data\EJComics_ready\EJComics_ready\images\EJ01\eng\001\00009.png,amb_false,2,4,,,,,,,,,
Procd,EJ01,1,2.02E+16,valid,9,1532,281,1562,345,2048,2732,..\..\..\..\..\..\..\comics\data\EJComics_ready\EJComics_ready\images\EJ01\eng\001\00009.png,amb_false,2,5,,,,,,,,,
Procd,EJ01,1,2.02E+16,valid,9,1575,341,1639,396,2048,2732,..\..\..\..\..\..\..\comics\data\EJComics_ready\EJComics_ready\images\EJ01\eng\001\00009.png,amb_false,3,6,,,,,,,,,
Procd,EJ01,1,2.02E+16,valid,9,1686,580,1754,593,2048,2732,..\..\..\..\..\..\..\comics\data\EJComics_ready\EJComics_ready\images\EJ01\eng\001\00009.png,amb_false,1,7,,,,,,,,,
Procd,EJ01,1,2.02E+16,valid,9,1536,550,1587,572,2048,2732,..\..\..\..\..\..\..\comics\data\EJComics_ready\EJComics_ready\images\EJ01\eng\001\00009.png,amb_false,1,8,,,,,,,,,
Procd,EJ01,1,2.02E+16,valid,9,2535,823,2650,913,2048,2732,..\..\..\..\..\..\..\comics\data\EJComics_ready\EJComics_ready\images\EJ01\eng\001\00009.png,amb_false,3,9,,,,,,,,,
Procd,EJ01,1,2.02E+16,valid,9,2399,781,2514,960,2048,2732,..\..\..\..\..\..\..\comics\data\EJComics_ready\EJComics_ready\images\EJ01\eng\001\00009.png,amb_false,8,10,,,,,,,,,
Procd,EJ01,1,2.02E+16,valid,9,1528,811,1707,960,2048,2732,..\..\..\..\..\..\..\comics\data\EJComics_ready\EJComics_ready\images\EJ01\eng\001\00009.png,amb_false,9,11,,,,,,,,,
Procd,EJ01,1,2.02E+16,valid,9,2497,1259,2650,1528,2048,2732,..\..\..\..\..\..\..\comics\data\EJComics_ready\EJComics_ready\images\EJ01\eng\001\00009.png,amb_false,8,12,,,,,,,,,
Procd,EJ01,1,2.02E+16,valid,9,2510,1903,2569,1950,2048,2732,..\..\..\..\..\..\..\comics\data\EJComics_ready\EJComics_ready\images\EJ01\eng\001\00009.png,amb_false,1,13,,,,,,,,,
Procd,EJ01,1,2.02E+16,valid,9,2300,1903,2371,1962,2048,2732,..\..\..\..\..\..\..\comics\data\EJComics_ready\EJComics_ready\images\EJ01\eng\001\00009.png,amb_false,1,14,,,,,,,,,
Procd,EJ01,1,2.02E+16,valid,9,1928,1869,2031,1923,2048,2732,..\..\..\..\..\..\..\comics\data\EJComics_ready\EJComics_ready\images\EJ01\eng\001\00009.png,amb_false,1,15,,,,,,,,,
Procd,EJ01,1,2.02E+16,valid,9,1634,1195,1750,1272,2048,2732,..\..\..\..\..\..\..\comics\data\EJComics_ready\EJComics_ready\images\EJ01\eng\001\00009.png,amb_false,3,16,,,,,,,,,
Procd,EJ01,1,2.02E+16,valid,9,1033,209,1203,350,2048,2732,..\..\..\..\..\..\..\comics\data\EJComics_ready\EJComics_ready\images\EJ01\eng\001\00009.png,amb_false,4,17,,,,,,,,,
Procd,EJ01,1,2.02E+16,valid,9,700,99,926,221,2048,2732,..\..\..\..\..\..\..\comics\data\EJComics_ready\EJComics_ready\images\EJ01\eng\001\00009.png,amb_false,3,18,,,,,,,,,
Procd,EJ01,1,2.02E+16,valid,9,576,153,661,315,2048,2732,..\..\..\..\..\..\..\comics\data\EJComics_ready\EJComics_ready\images\EJ01\eng\001\00009.png,amb_false,6,19,,,,,,,,,
Procd,EJ01,1,2.02E+16,valid,9,300,180,343,318,2048,2732,..\..\..\..\..\..\..\comics\data\EJComics_ready\EJComics_ready\images\EJ01\eng\001\00009.png,amb_false,1,20,,,,,,,,,
Procd,EJ01,1,2.02E+16,valid,9,1097,674,1186,759,2048,2732,..\..\..\..\..\..\..\comics\data\EJComics_ready\EJComics_ready\images\EJ01\eng\001\00009.png,amb_false,3,21,,,,,,,,,
Procd,EJ01,1,2.02E+16,valid,9,882,639,1017,676,2048,2732,..\..\..\..\..\..\..\comics\data\EJComics_ready\EJComics_ready\images\EJ01\eng\001\00009.png,amb_false,1,22,,,,,,,,,
Procd,EJ01,1,2.02E+16,valid,9,537,631,665,717,2048,2732,..\..\..\..\..\..\..\comics\data\EJComics_ready\EJComics_ready\images\EJ01\eng\001\00009.png,amb_false,7,23,,,,,,,,,
Procd,EJ01,1,2.02E+16,valid,9,311,712,405,755,2048,2732,..\..\..\..\..\..\..\comics\data\EJComics_ready\EJComics_ready\images\EJ01\eng\001\00009.png,amb_false,1,24,,,,,,,,,
Procd,EJ01,1,2.02E+16,valid,9,392,1301,414,1361,2048,2732,..\..\..\..\..\..\..\comics\data\EJComics_ready\EJComics_ready\images\EJ01\eng\001\00009.png,amb_false,1,25,,,,,,,,,
Procd,EJ01,1,2.02E+16,valid,9,478,1643,606,1750,2048,2732,..\..\..\..\..\..\..\comics\data\EJComics_ready\EJComics_ready\images\EJ01\eng\001\00009.png,amb_false,4,26,,,,,,,,,
Procd,EJ01,1,2.02E+16,valid,9,473,1818,597,1929,2048,2732,..\..\..\..\..\..\..\comics\data\EJComics_ready\EJComics_ready\images\EJ01\eng\001\00009.png,amb_false,5,27,,,,,,,,,
Procd,EJ01,1,2.02E+16,valid,9,320,1630,418,1750,2048,2732,..\..\..\..\..\..\..\comics\data\EJComics_ready\EJComics_ready\images\EJ01\eng\001\00009.png,amb_false,4,28,,,,,,,,,
Procd,EJ01,1,2.02E+16,valid,9,123,1652,166,1686,2048,2732,..\..\..\..\..\..\..\comics\data\EJComics_ready\EJComics_ready\images\EJ01\eng\001\00009.png,amb_false,1,29,,,,,,,,,
Procd,EJ01,1,2.02E+16,valid,10,1756,1058,1820,1111,2048,2732,..\..\..\..\..\..\..\comics\data\EJComics_ready\EJComics_ready\images\EJ01\eng\001\00010.png,amb_false,2,0,,,,,,,,,
Procd,EJ01,1,2.02E+16,valid,10,2595,209,2638,405,2048,2732,..\..\..\..\..\..\..\comics\data\EJComics_ready\EJComics_ready\images\EJ01\eng\001\00010.png,amb_false,2,1,,,,,,,,,
Procd,EJ01,1,2.02E+16,valid,10,2036,422,2117,456,2048,2732,..\..\..\..\..\..\..\comics\data\EJComics_ready\EJComics_ready\images\EJ01\eng\001\00010.png,amb_false,1,2,,,,,,,,,
Procd,EJ01,1,2.02E+16,valid,10,1899,157,1993,260,2048,2732,..\..\..\..\..\..\..\comics\data\EJComics_ready\EJComics_ready\images\EJ01\eng\001\00010.png,amb_false,5,3,,,,,,,,,
Procd,EJ01,1,2.02E+16,valid,10,1903,392,1989,426,2048,2732,..\..\..\..\..\..\..\comics\data\EJComics_ready\EJComics_ready\images\EJ01\eng\001\00010.png,amb_false,1,4,,,,,,,,,
Procd,EJ01,1,2.02E+16,valid,10,2608,678,2689,776,2048,2732,..\..\..\..\..\..\..\comics\data\EJComics_ready\EJComics_ready\images\EJ01\eng\001\00010.png,amb_false,4,5,,,,,,,,,
Procd,EJ01,1,2.02E+16,valid,10,2531,725,2595,747,2048,2732,..\..\..\..\..\..\..\comics\data\EJComics_ready\EJComics_ready\images\EJ01\eng\001\00010.png,amb_false,1,6,,,,,,,,,
Procd,EJ01,1,2.02E+16,valid,10,2210,631,2318,764,2048,2732,..\..\..\..\..\..\..\comics\data\EJComics_ready\EJComics_ready\images\EJ01\eng\001\00010.png,amb_false,6,7,,,,,,,,,
Procd,EJ01,1,2.02E+16,valid,10,1831,734,1929,845,2048,2732,..\..\..\..\..\..\..\comics\data\EJComics_ready\EJComics_ready\images\EJ01\eng\001\00010.png,amb_false,4,8,,,,,,,,,
Procd,EJ01,1,2.02E+16,valid,10,2539,1216,2659,1340,2048,2732,..\..\..\..\..\..\..\comics\data\EJComics_ready\EJComics_ready\images\EJ01\eng\001\00010.png,amb_false,5,9,,,,,,,,,
Procd,EJ01,1,2.02E+16,valid,10,2539,1489,2655,1681,2048,2732,..\..\..\..\..\..\..\comics\data\EJComics_ready\EJComics_ready\images\EJ01\eng\001\00010.png,amb_false,6,10,,,,,,,,,
Procd,EJ01,1,2.02E+16,valid,10,2095,1694,2270,1886,2048,2732,..\..\..\..\..\..\..\comics\data\EJComics_ready\EJComics_ready\images\EJ01\eng\001\00010.png,amb_false,10,11,,,,,,,,,
Procd,EJ01,1,2.02E+16,valid,10,1677,1062,1733,1118,2048,2732,..\..\..\..\..\..\..\comics\data\EJComics_ready\EJComics_ready\images\EJ01\eng\001\00010.png,amb_false,2,12,,,,,,,,,
Procd,EJ01,1,2.02E+16,valid,10,1498,1097,1681,1242,2048,2732,..\..\..\..\..\..\..\comics\data\EJComics_ready\EJComics_ready\images\EJ01\eng\001\00010.png,amb_false,6,13,,,,,,,,,
Procd,EJ01,1,2.02E+16,valid,10,1946,1549,2044,1711,2048,2732,..\..\..\..\..\..\..\comics\data\EJComics_ready\EJComics_ready\images\EJ01\eng\001\00010.png,amb_false,6,14,,,,,,,,,
Procd,EJ01,1,2.02E+16,valid,10,1687,1525,1775,1568,2048,2732,..\..\..\..\..\..\..\comics\data\EJComics_ready\EJComics_ready\images\EJ01\eng\001\00010.png,amb_false,1,15,,,,,,,,,
Procd,EJ01,1,2.02E+16,valid,10,1122,166,1173,183,2048,2732,..\..\..\..\..\..\..\comics\data\EJComics_ready\EJComics_ready\images\EJ01\eng\001\00010.png,amb_false,1,16,,,,,,,,,
Procd,EJ01,1,2.02E+16,valid,10,993,162,1114,298,2048,2732,..\..\..\..\..\..\..\comics\data\EJComics_ready\EJComics_ready\images\EJ01\eng\001\00010.png,amb_false,11,17,,,,,,,,,
Procd,EJ01,1,2.02E+16,valid,10,781,170,917,243,2048,2732,..\..\..\..\..\..\..\comics\data\EJComics_ready\EJComics_ready\images\EJ01\eng\001\00010.png,amb_false,6,18,,,,,,,,,
Procd,EJ01,1,2.02E+16,valid,10,580,170,691,277,2048,2732,..\..\..\..\..\..\..\comics\data\EJComics_ready\EJComics_ready\images\EJ01\eng\001\00010.png,amb_false,5,19,,,,,,,,,
Procd,EJ01,1,2.02E+16,valid,10,584,426,674,529,2048,2732,..\..\..\..\..\..\..\comics\data\EJComics_ready\EJComics_ready\images\EJ01\eng\001\00010.png,amb_false,4,20,,,,,,,,,
Procd,EJ01,1,2.02E+16,valid,10,392,157,490,234,2048,2732,..\..\..\..\..\..\..\comics\data\EJComics_ready\EJComics_ready\images\EJ01\eng\001\00010.png,amb_false,3,21,,,,,,,,,
Procd,EJ01,1,2.02E+16,valid,10,34,149,175,307,2048,2732,..\..\..\..\..\..\..\comics\data\EJComics_ready\EJComics_ready\images\EJ01\eng\001\00010.png,amb_false,11,22,,,,,,,,,
Procd,EJ01,1,2.02E+16,valid,10,42,388,128,435,2048,2732,..\..\..\..\..\..\..\comics\data\EJComics_ready\EJComics_ready\images\EJ01\eng\001\00010.png,amb_false,2,23,,,,,,,,,
Procd,EJ01,1,2.02E+16,valid,10,1033,768,1190,981,2048,2732,..\..\..\..\..\..\..\comics\data\EJComics_ready\EJComics_ready\images\EJ01\eng\001\00010.png,amb_false,12,24,,,,,,,,,
Procd,EJ01,1,2.02E+16,valid,10,59,759,149,969,2048,2732,..\..\..\..\..\..\..\comics\data\EJComics_ready\EJComics_ready\images\EJ01\eng\001\00010.png,amb_false,7,25,,,,,,,,,
Procd,EJ01,1,2.02E+16,valid,10,1105,1558,1190,1634,2048,2732,..\..\..\..\..\..\..\comics\data\EJComics_ready\EJComics_ready\images\EJ01\eng\001\00010.png,amb_false,3,26,,,,,,,,,
Procd,EJ01,1,2.02E+16,valid,10,900,1485,1033,1643,2048,2732,..\..\..\..\..\..\..\comics\data\EJComics_ready\EJComics_ready\images\EJ01\eng\001\00010.png,amb_false,8,27,,,,,,,,,
Procd,EJ01,1,2.02E+16,valid,10,704,1165,840,1374,2048,2732,..\..\..\..\..\..\..\comics\data\EJComics_ready\EJComics_ready\images\EJ01\eng\001\00010.png,amb_false,7,28,,,,,,,,,
Procd,EJ01,1,2.02E+16,valid,10,499,1256,576,1300,2048,2732,..\..\..\..\..\..\..\comics\data\EJComics_ready\EJComics_ready\images\EJ01\eng\001\00010.png,amb_false,1,29,,,,,,,,,
Procd,EJ01,1,2.02E+16,valid,10,38,1634,213,1908,2048,2732,..\..\..\..\..\..\..\comics\data\EJComics_ready\EJComics_ready\images\EJ01\eng\001\00010.png,amb_false,8,30,,,,,,,,,
Procd,EJ01,1,2.02E+16,valid,11,2364,264,2591,371,2048,2732,..\..\..\..\..\..\..\comics\data\EJComics_ready\EJComics_ready\images\EJ01\eng\001\00011.png,amb_false,2,0,,,,,,,,,
Procd,EJ01,1,2.02E+16,valid,11,2012,179,2159,257,2048,2732,..\..\..\..\..\..\..\comics\data\EJComics_ready\EJComics_ready\images\EJ01\eng\001\00011.png,amb_false,2,1,,,,,,,,,
Procd,EJ01,1,2.02E+16,valid,11,1519,175,1626,324,2048,2732,..\..\..\..\..\..\..\comics\data\EJComics_ready\EJComics_ready\images\EJ01\eng\001\00011.png,amb_false,4,2,,,,,,,,,
Procd,EJ01,1,2.02E+16,valid,11,1686,390,1771,478,2048,2732,..\..\..\..\..\..\..\comics\data\EJComics_ready\EJComics_ready\images\EJ01\eng\001\00011.png,amb_false,4,3,,,,,,,,,
Procd,EJ01,1,2.02E+16,valid,11,1710,622,1825,677,2048,2732,..\..\..\..\..\..\..\comics\data\EJComics_ready\EJComics_ready\images\EJ01\eng\001\00011.png,amb_false,1,4,,,,,,,,,
Procd,EJ01,1,2.02E+16,valid,11,2036,640,2177,909,2048,2732,..\..\..\..\..\..\..\comics\data\EJComics_ready\EJComics_ready\images\EJ01\eng\001\00011.png,amb_false,10,5,,,,,,,,,
Procd,EJ01,1,2.02E+16,valid,11,1523,695,1643,785,2048,2732,..\..\..\..\..\..\..\comics\data\EJComics_ready\EJComics_ready\images\EJ01\eng\001\00011.png,amb_false,4,6,,,,,,,,,
Procd,EJ01,1,2.02E+16,valid,11,2019,1165,2177,1297,2048,2732,..\..\..\..\..\..\..\comics\data\EJComics_ready\EJComics_ready\images\EJ01\eng\001\00011.png,amb_false,6,7,,,,,,,,,
Procd,EJ01,1,2.02E+16,valid,11,1523,1195,1592,1297,2048,2732,..\..\..\..\..\..\..\comics\data\EJComics_ready\EJComics_ready\images\EJ01\eng\001\00011.png,amb_false,4,8,,,,,,,,,
Procd,EJ01,1,2.02E+16,valid,11,2094,1637,2178,1694,2048,2732,..\..\..\..\..\..\..\comics\data\EJComics_ready\EJComics_ready\images\EJ01\eng\001\00011.png,amb_false,2,9,,,,,,,,,
Procd,EJ01,1,2.02E+16,valid,11,2057,1852,2185,1882,2048,2732,..\..\..\..\..\..\..\comics\data\EJComics_ready\EJComics_ready\images\EJ01\eng\001\00011.png,amb_false,1,10,,,,,,,,,
Procd,EJ01,1,2.02E+16,valid,11,34,559,234,785,2048,2732,..\..\..\..\..\..\..\comics\data\EJComics_ready\EJComics_ready\images\EJ01\eng\001\00011.png,amb_false,9,11,,,,,,,,,
Procd,EJ01,1,2.02E+16,valid,11,162,1626,405,1750,2048,2732,..\..\..\..\..\..\..\comics\data\EJComics_ready\EJComics_ready\images\EJ01\eng\001\00011.png,amb_false,3,12,,,,,,,,,
Procd,EJ01,1,2.02E+16,valid,12,2548,665,2719,909,2048,2732,..\..\..\..\..\..\..\comics\data\EJComics_ready\EJComics_ready\images\EJ01\eng\001\00012.png,amb_false,2,0,,,,,,,,,
Procd,EJ01,1,2.02E+16,valid,12,2475,789,2574,909,2048,2732,..\..\..\..\..\..\..\comics\data\EJComics_ready\EJComics_ready\images\EJ01\eng\001\00012.png,amb_false,3,1,,,,,,,,,
Procd,EJ01,1,2.02E+16,valid,12,2595,1028,2727,1114,2048,2732,..\..\..\..\..\..\..\comics\data\EJComics_ready\EJComics_ready\images\EJ01\eng\001\00012.png,amb_false,1,2,,,,,,,,,
Procd,EJ01,1,2.02E+16,valid,12,2177,700,2309,806,2048,2732,..\..\..\..\..\..\..\comics\data\EJComics_ready\EJComics_ready\images\EJ01\eng\001\00012.png,amb_false,1,3,,,,,,,,,
Procd,EJ01,1,2.02E+16,valid,12,2168,819,2224,943,2048,2732,..\..\..\..\..\..\..\comics\data\EJComics_ready\EJComics_ready\images\EJ01\eng\001\00012.png,amb_false,2,4,,,,,,,,,
Procd,EJ01,1,2.02E+16,valid,12,2044,665,2177,789,2048,2732,..\..\..\..\..\..\..\comics\data\EJComics_ready\EJComics_ready\images\EJ01\eng\001\00012.png,amb_false,8,5,,,,,,,,,
Procd,EJ01,1,2.02E+16,valid,12,1903,683,2010,858,2048,2732,..\..\..\..\..\..\..\comics\data\EJComics_ready\EJComics_ready\images\EJ01\eng\001\00012.png,amb_false,8,6,,,,,,,,,
Procd,EJ01,1,2.02E+16,valid,12,1724,742,1835,798,2048,2732,..\..\..\..\..\..\..\comics\data\EJComics_ready\EJComics_ready\images\EJ01\eng\001\00012.png,amb_false,2,7,,,,,,,,,
Procd,EJ01,1,2.02E+16,valid,12,2467,1195,2527,1301,2048,2732,..\..\..\..\..\..\..\comics\data\EJComics_ready\EJComics_ready\images\EJ01\eng\001\00012.png,amb_false,5,8,,,,,,,,,
Procd,EJ01,1,2.02E+16,valid,12,2454,1353,2518,1417,2048,2732,..\..\..\..\..\..\..\comics\data\EJComics_ready\EJComics_ready\images\EJ01\eng\001\00012.png,amb_false,3,9,,,,,,,,,
Procd,EJ01,1,2.02E+16,valid,12,2322,1716,2510,1899,2048,2732,..\..\..\..\..\..\..\comics\data\EJComics_ready\EJComics_ready\images\EJ01\eng\001\00012.png,amb_false,12,10,,,,,,,,,
Procd,EJ01,1,2.02E+16,valid,12,1523,1368,1833,1558,2048,2732,..\..\..\..\..\..\..\comics\data\EJComics_ready\EJComics_ready\images\EJ01\eng\001\00012.png,amb_false,5,11,,,,,,,,,
Procd,EJ01,1,2.02E+16,valid,12,1515,1711,1583,1750,2048,2732,..\..\..\..\..\..\..\comics\data\EJComics_ready\EJComics_ready\images\EJ01\eng\001\00012.png,amb_false,1,12,,,,,,,,,
Procd,EJ01,1,2.02E+16,valid,12,926,350,1225,614,2048,2732,..\..\..\..\..\..\..\comics\data\EJComics_ready\EJComics_ready\images\EJ01\eng\001\00012.png,amb_false,10,13,,,,,,,,,
Procd,EJ01,1,2.02E+16,valid,12,713,149,834,254,2048,2732,..\..\..\..\..\..\..\comics\data\EJComics_ready\EJComics_ready\images\EJ01\eng\001\00012.png,amb_false,1,14,,,,,,,,,
Procd,EJ01,1,2.02E+16,valid,12,81,379,277,554,2048,2732,..\..\..\..\..\..\..\comics\data\EJComics_ready\EJComics_ready\images\EJ01\eng\001\00012.png,amb_false,7,15,,,,,,,,,
Procd,EJ01,1,2.02E+16,valid,12,1062,947,1220,1079,2048,2732,..\..\..\..\..\..\..\comics\data\EJComics_ready\EJComics_ready\images\EJ01\eng\001\00012.png,amb_false,9,16,,,,,,,,,
Procd,EJ01,1,2.02E+16,valid,12,1058,1152,1203,1336,2048,2732,..\..\..\..\..\..\..\comics\data\EJComics_ready\EJComics_ready\images\EJ01\eng\001\00012.png,amb_false,12,17,,,,,,,,,
Procd,EJ01,1,2.02E+16,valid,12,490,1045,606,1178,2048,2732,..\..\..\..\..\..\..\comics\data\EJComics_ready\EJComics_ready\images\EJ01\eng\001\00012.png,amb_false,7,18,,,,,,,,,
Procd,EJ01,1,2.02E+16,valid,12,328,939,448,1195,2048,2732,..\..\..\..\..\..\..\comics\data\EJComics_ready\EJComics_ready\images\EJ01\eng\001\00012.png,amb_false,15,19,,,,,,,,,
Procd,EJ01,1,2.02E+16,valid,12,102,943,226,1135,2048,2732,..\..\..\..\..\..\..\comics\data\EJComics_ready\EJComics_ready\images\EJ01\eng\001\00012.png,amb_false,9,20,,,,,,,,,
Procd,EJ01,1,2.02E+16,valid,12,1114,1468,1237,1647,2048,2732,..\..\..\..\..\..\..\comics\data\EJComics_ready\EJComics_ready\images\EJ01\eng\001\00012.png,amb_false,7,21,,,,,,,,,
Procd,EJ01,1,2.02E+16,valid,12,1058,1728,1229,1938,2048,2732,..\..\..\..\..\..\..\comics\data\EJComics_ready\EJComics_ready\images\EJ01\eng\001\00012.png,amb_false,13,22,,,,,,,,,
Procd,EJ01,1,2.02E+16,valid,12,520,1502,640,1587,2048,2732,..\..\..\..\..\..\..\comics\data\EJComics_ready\EJComics_ready\images\EJ01\eng\001\00012.png,amb_false,3,23,,,,,,,,,
Procd,EJ01,1,2.02E+16,valid,12,332,1502,461,1801,2048,2732,..\..\..\..\..\..\..\comics\data\EJComics_ready\EJComics_ready\images\EJ01\eng\001\00012.png,amb_false,14,24,,,,,,,,,
Procd,EJ01,1,2.02E+16,valid,12,256,1707,303,1780,2048,2732,..\..\..\..\..\..\..\comics\data\EJComics_ready\EJComics_ready\images\EJ01\eng\001\00012.png,amb_false,3,25,,,,,,,,,
Procd,EJ01,1,2.02E+16,valid,12,68,1852,123,1891,2048,2732,..\..\..\..\..\..\..\comics\data\EJComics_ready\EJComics_ready\images\EJ01\eng\001\00012.png,amb_false,2,26,,,,,,,,,
Procd,EJ01,1,2.02E+16,valid,13,2454,179,2548,217,2048,2732,..\..\..\..\..\..\..\comics\data\EJComics_ready\EJComics_ready\images\EJ01\eng\001\00013.png,amb_false,1,0,,,,,,,,,
Procd,EJ01,1,2.02E+16,valid,13,1562,200,1694,243,2048,2732,..\..\..\..\..\..\..\comics\data\EJComics_ready\EJComics_ready\images\EJ01\eng\001\00013.png,amb_false,1,1,,,,,,,,,
Procd,EJ01,1,2.02E+16,valid,13,1986,537,2094,599,2048,2732,..\..\..\..\..\..\..\comics\data\EJComics_ready\EJComics_ready\images\EJ01\eng\001\00013.png,amb_false,1,2,,,,,,,,,
Procd,EJ01,1,2.02E+16,valid,13,213,849,294,904,2048,2732,..\..\..\..\..\..\..\comics\data\EJComics_ready\EJComics_ready\images\EJ01\eng\001\00013.png,amb_false,1,3,,,,,,,,,
Procd,EJ01,1,2.02E+16,valid,13,1011,1189,1161,1408,2048,2732,..\..\..\..\..\..\..\comics\data\EJComics_ready\EJComics_ready\images\EJ01\eng\001\00013.png,amb_false,6,4,,,,,,,,,
Procd,EJ01,1,2.02E+16,valid,13,405,1148,542,1425,2048,2732,..\..\..\..\..\..\..\comics\data\EJComics_ready\EJComics_ready\images\EJ01\eng\001\00013.png,amb_false,12,5,,,,,,,,,
Procd,EJ01,1,2.02E+16,valid,13,72,1152,123,1178,2048,2732,..\..\..\..\..\..\..\comics\data\EJComics_ready\EJComics_ready\images\EJ01\eng\001\00013.png,amb_false,1,6,,,,,,,,,
Procd,EJ01,1,2.02E+16,valid,13,379,1566,537,1762,2048,2732,..\..\..\..\..\..\..\comics\data\EJComics_ready\EJComics_ready\images\EJ01\eng\001\00013.png,amb_false,12,7,,,,,,,,,
Procd,EJ01,1,2.02E+16,valid,13,213,1575,256,1587,2048,2732,..\..\..\..\..\..\..\comics\data\EJComics_ready\EJComics_ready\images\EJ01\eng\001\00013.png,amb_false,1,8,,,,,,,,,
Procd,EJ01,1,2.02E+16,valid,14,2450,166,2603,350,2048,2732,..\..\..\..\..\..\..\comics\data\EJComics_ready\EJComics_ready\images\EJ01\eng\001\00014.png,amb_false,9,0,,,,,,,,,
Procd,EJ01,1,2.02E+16,valid,14,2505,409,2611,459,2048,2732,..\..\..\..\..\..\..\comics\data\EJComics_ready\EJComics_ready\images\EJ01\eng\001\00014.png,amb_false,1,1,,,,,,,,,
Procd,EJ01,1,2.02E+16,valid,14,1579,209,1754,358,2048,2732,..\..\..\..\..\..\..\comics\data\EJComics_ready\EJComics_ready\images\EJ01\eng\001\00014.png,amb_false,6,2,,,,,,,,,
Procd,EJ01,1,2.02E+16,valid,14,1532,388,1617,507,2048,2732,..\..\..\..\..\..\..\comics\data\EJComics_ready\EJComics_ready\images\EJ01\eng\001\00014.png,amb_false,4,3,,,,,,,,,
Procd,EJ01,1,2.02E+16,valid,14,2556,631,2650,700,2048,2732,..\..\..\..\..\..\..\comics\data\EJComics_ready\EJComics_ready\images\EJ01\eng\001\00014.png,amb_false,2,4,,,,,,,,,
Procd,EJ01,1,2.02E+16,valid,14,2300,695,2424,815,2048,2732,..\..\..\..\..\..\..\comics\data\EJComics_ready\EJComics_ready\images\EJ01\eng\001\00014.png,amb_false,5,5,,,,,,,,,
Procd,EJ01,1,2.02E+16,valid,14,1986,618,2117,689,2048,2732,..\..\..\..\..\..\..\comics\data\EJComics_ready\EJComics_ready\images\EJ01\eng\001\00014.png,amb_false,2,6,,,,,,,,,
Procd,EJ01,1,2.02E+16,valid,14,1844,909,1955,1045,2048,2732,..\..\..\..\..\..\..\comics\data\EJComics_ready\EJComics_ready\images\EJ01\eng\001\00014.png,amb_false,4,7,,,,,,,,,
Procd,EJ01,1,2.02E+16,valid,14,1694,716,1797,779,2048,2732,..\..\..\..\..\..\..\comics\data\EJComics_ready\EJComics_ready\images\EJ01\eng\001\00014.png,amb_false,1,8,,,,,,,,,
Procd,EJ01,1,2.02E+16,valid,14,2612,1336,2719,1374,2048,2732,..\..\..\..\..\..\..\comics\data\EJComics_ready\EJComics_ready\images\EJ01\eng\001\00014.png,amb_false,1,9,,,,,,,,,
Procd,EJ01,1,2.02E+16,valid,14,1750,1489,1886,1626,2048,2732,..\..\..\..\..\..\..\comics\data\EJComics_ready\EJComics_ready\images\EJ01\eng\001\00014.png,amb_false,3,10,,,,,,,,,
Procd,EJ01,1,2.02E+16,valid,14,1491,1402,1588,1487,2048,2732,..\..\..\..\..\..\..\comics\data\EJComics_ready\EJComics_ready\images\EJ01\eng\001\00014.png,amb_false,1,11,,,,,,,,,
